/*
SQLyog Ultimate v11.33 (64 bit)
MySQL - 10.1.26-MariaDB : Database - dropshipper
*********************************************************************
*/

/*!40101 SET NAMES utf8 */;

/*!40101 SET SQL_MODE=''*/;

/*!40014 SET @OLD_UNIQUE_CHECKS=@@UNIQUE_CHECKS, UNIQUE_CHECKS=0 */;
/*!40014 SET @OLD_FOREIGN_KEY_CHECKS=@@FOREIGN_KEY_CHECKS, FOREIGN_KEY_CHECKS=0 */;
/*!40101 SET @OLD_SQL_MODE=@@SQL_MODE, SQL_MODE='NO_AUTO_VALUE_ON_ZERO' */;
/*!40111 SET @OLD_SQL_NOTES=@@SQL_NOTES, SQL_NOTES=0 */;
CREATE DATABASE /*!32312 IF NOT EXISTS*/`dropshipper` /*!40100 DEFAULT CHARACTER SET latin1 */;

USE `dropshipper`;

/*Table structure for table `bank` */

DROP TABLE IF EXISTS `bank`;

CREATE TABLE `bank` (
  `BANKID` int(11) NOT NULL AUTO_INCREMENT,
  `BANKNAME` varchar(30) DEFAULT NULL,
  `ISACTIVE` int(11) DEFAULT NULL,
  PRIMARY KEY (`BANKID`)
) ENGINE=InnoDB AUTO_INCREMENT=19 DEFAULT CHARSET=latin1;

/*Data for the table `bank` */

insert  into `bank`(`BANKID`,`BANKNAME`,`ISACTIVE`) values (1,'BNI Syariah',0),(2,'BRI tama',1),(3,'BCA ads',NULL),(4,'dki kttads',0),(5,'dko',0),(6,'bbbhhhh',1),(7,'bbb',1),(8,'asd',1),(9,'asdasdas',1),(10,'assd awljk',NULL),(11,'oke',0),(12,'asu banget',NULL),(13,'bisa kjh',NULL),(14,'bisa bai',NULL),(15,'asik alkds',NULL),(16,'kok 2 gabisa',NULL),(17,'kok engga lagi a',NULL),(18,'tambah jdi 1',NULL);

/*Table structure for table `barang` */

DROP TABLE IF EXISTS `barang`;

CREATE TABLE `barang` (
  `BARANGID` int(11) NOT NULL AUTO_INCREMENT,
  `VENDORID` int(11) DEFAULT NULL,
  `KATEGORIID` int(11) DEFAULT NULL,
  `SKU` varchar(20) DEFAULT NULL,
  `BARANGNAME` varchar(30) DEFAULT NULL,
  `WARNA` varchar(20) DEFAULT NULL,
  `BERAT` int(11) DEFAULT NULL,
  `DIMENSI` varchar(20) DEFAULT NULL,
  `HARGA` int(11) DEFAULT NULL,
  `KETERANGAN` text,
  `GAMBAR` longblob,
  `ISACTIVE` int(11) DEFAULT NULL,
  PRIMARY KEY (`BARANGID`),
  KEY `FK_REFERENCE_4` (`VENDORID`),
  KEY `FK_REFERENCE_5` (`KATEGORIID`),
  CONSTRAINT `FK_REFERENCE_4` FOREIGN KEY (`VENDORID`) REFERENCES `vendor` (`VENDORID`) ON UPDATE NO ACTION,
  CONSTRAINT `FK_REFERENCE_5` FOREIGN KEY (`KATEGORIID`) REFERENCES `kategori` (`KATEGORIID`) ON UPDATE NO ACTION
) ENGINE=InnoDB AUTO_INCREMENT=9 DEFAULT CHARSET=latin1;

/*Data for the table `barang` */

insert  into `barang`(`BARANGID`,`VENDORID`,`KATEGORIID`,`SKU`,`BARANGNAME`,`WARNA`,`BERAT`,`DIMENSI`,`HARGA`,`KETERANGAN`,`GAMBAR`,`ISACTIVE`) values (1,1,1,'ASD132','ROTI',NULL,NULL,NULL,5000,NULL,NULL,NULL),(2,2,2,'QWE546','ES',NULL,NULL,NULL,6000,NULL,NULL,NULL),(3,3,6,'ZXC789','DISPN',NULL,NULL,NULL,800000,NULL,NULL,NULL),(4,4,4,'ASD456','PANADOL',NULL,NULL,NULL,10000,NULL,NULL,NULL),(5,1,5,'QWE456','B100',NULL,NULL,NULL,900000,NULL,NULL,NULL),(6,2,7,'WER564','KULKAS 2PINTU',NULL,NULL,NULL,5000000,NULL,NULL,NULL),(7,3,8,'TRY987','DVD SO 4',NULL,NULL,NULL,4000000,NULL,NULL,NULL),(8,4,6,'OIP564','TV LED',NULL,NULL,NULL,6500000,NULL,NULL,NULL);

/*Table structure for table `detailtransaksi` */

DROP TABLE IF EXISTS `detailtransaksi`;

CREATE TABLE `detailtransaksi` (
  `DETAILID` int(11) NOT NULL AUTO_INCREMENT,
  `TRANSAKSIID` int(11) DEFAULT NULL,
  `BARANGID` int(11) DEFAULT NULL,
  `DETAILQTY` int(11) DEFAULT NULL,
  `DETAILTOTAL` int(11) DEFAULT NULL,
  `TOTALBERAT` int(11) DEFAULT NULL,
  `ISACTIVE` int(11) DEFAULT NULL,
  PRIMARY KEY (`DETAILID`),
  KEY `FK_REFERENCE_12` (`TRANSAKSIID`),
  KEY `FK_REFERENCE_13` (`BARANGID`),
  CONSTRAINT `FK_REFERENCE_12` FOREIGN KEY (`TRANSAKSIID`) REFERENCES `transaksi` (`TRANSAKSIID`) ON UPDATE NO ACTION,
  CONSTRAINT `FK_REFERENCE_13` FOREIGN KEY (`BARANGID`) REFERENCES `barang` (`BARANGID`) ON UPDATE NO ACTION
) ENGINE=InnoDB DEFAULT CHARSET=latin1;

/*Data for the table `detailtransaksi` */

/*Table structure for table `kategori` */

DROP TABLE IF EXISTS `kategori`;

CREATE TABLE `kategori` (
  `KATEGORIID` int(11) NOT NULL AUTO_INCREMENT,
  `KATEGORIPARENTID` int(11) DEFAULT NULL,
  `KATEGORINAME` varchar(30) DEFAULT NULL,
  `KATEGORILEVEL` int(11) DEFAULT NULL,
  `ISACTIVE` int(11) DEFAULT NULL,
  PRIMARY KEY (`KATEGORIID`),
  KEY `FK_REFERENCE_2` (`KATEGORIPARENTID`),
  CONSTRAINT `FK_REFERENCE_2` FOREIGN KEY (`KATEGORIPARENTID`) REFERENCES `kategori` (`KATEGORIID`) ON UPDATE NO ACTION
) ENGINE=InnoDB AUTO_INCREMENT=9 DEFAULT CHARSET=latin1;

/*Data for the table `kategori` */

insert  into `kategori`(`KATEGORIID`,`KATEGORIPARENTID`,`KATEGORINAME`,`KATEGORILEVEL`,`ISACTIVE`) values (1,NULL,'MAKANAN',1,1),(2,NULL,'MINUMAN',1,1),(3,NULL,'ELEKTRONIK',1,1),(4,NULL,'OBAT-OBATAN',1,1),(5,NULL,'PERLENGKAPAN-PC',1,1),(6,3,'TV',2,1),(7,3,'KULKAS',2,1),(8,3,'DVD',2,1);

/*Table structure for table `kurir` */

DROP TABLE IF EXISTS `kurir`;

CREATE TABLE `kurir` (
  `KURIRID` int(11) NOT NULL AUTO_INCREMENT,
  `KURIRNAME` varchar(30) DEFAULT NULL,
  `ISACTIVE` int(11) DEFAULT NULL,
  PRIMARY KEY (`KURIRID`)
) ENGINE=InnoDB AUTO_INCREMENT=8 DEFAULT CHARSET=latin1;

/*Data for the table `kurir` */

insert  into `kurir`(`KURIRID`,`KURIRNAME`,`ISACTIVE`) values (1,'TIKI',1),(2,'JNE',1),(3,'JNT',1),(4,'SICEPAT',1),(5,'GOSEND',1),(6,'GRABPARCEL',1),(7,'POS',1);

/*Table structure for table `lokasi` */

DROP TABLE IF EXISTS `lokasi`;

CREATE TABLE `lokasi` (
  `LOKASIID` int(11) NOT NULL AUTO_INCREMENT,
  `WILAYAHID` int(11) DEFAULT NULL,
  `ALAMATLENGKAP` varchar(30) DEFAULT NULL,
  `KODEPOS` int(5) DEFAULT NULL,
  `ISACTIVE` int(11) DEFAULT NULL,
  PRIMARY KEY (`LOKASIID`),
  KEY `FK_REFERENCE_3` (`WILAYAHID`),
  CONSTRAINT `FK_REFERENCE_3` FOREIGN KEY (`WILAYAHID`) REFERENCES `wilayah` (`WILAYAHID`) ON UPDATE NO ACTION
) ENGINE=InnoDB AUTO_INCREMENT=3 DEFAULT CHARSET=latin1;

/*Data for the table `lokasi` */

insert  into `lokasi`(`LOKASIID`,`WILAYAHID`,`ALAMATLENGKAP`,`KODEPOS`,`ISACTIVE`) values (1,35,'JL BB GANG EE',13420,1),(2,36,'JL BANGOR ',45652,NULL);

/*Table structure for table `pengambilan` */

DROP TABLE IF EXISTS `pengambilan`;

CREATE TABLE `pengambilan` (
  `PENGAMBILANID` int(11) NOT NULL AUTO_INCREMENT,
  `WAKTUID` int(11) DEFAULT NULL,
  `KURIRID` int(11) DEFAULT NULL,
  `ISACTIVE` int(11) DEFAULT NULL,
  PRIMARY KEY (`PENGAMBILANID`),
  KEY `FK_REFERENCE_6` (`WAKTUID`),
  KEY `FK_REFERENCE_7` (`KURIRID`),
  CONSTRAINT `FK_REFERENCE_6` FOREIGN KEY (`WAKTUID`) REFERENCES `waktupengambilan` (`WAKTUID`) ON UPDATE NO ACTION,
  CONSTRAINT `FK_REFERENCE_7` FOREIGN KEY (`KURIRID`) REFERENCES `kurir` (`KURIRID`) ON UPDATE NO ACTION
) ENGINE=InnoDB DEFAULT CHARSET=latin1;

/*Data for the table `pengambilan` */

/*Table structure for table `rekening` */

DROP TABLE IF EXISTS `rekening`;

CREATE TABLE `rekening` (
  `REKENINGID` int(11) NOT NULL AUTO_INCREMENT,
  `BANKID` int(11) DEFAULT NULL,
  `USERID` int(11) DEFAULT NULL,
  `REKENINGNUMBER` int(11) DEFAULT NULL,
  `REKENINGNAME` varchar(30) DEFAULT NULL,
  PRIMARY KEY (`REKENINGID`),
  KEY `FK_REFERENCE_8` (`BANKID`),
  KEY `FK_REFERENCE_9` (`USERID`),
  CONSTRAINT `FK_REFERENCE_8` FOREIGN KEY (`BANKID`) REFERENCES `bank` (`BANKID`) ON UPDATE NO ACTION,
  CONSTRAINT `FK_REFERENCE_9` FOREIGN KEY (`USERID`) REFERENCES `user` (`USERID`) ON UPDATE NO ACTION
) ENGINE=InnoDB DEFAULT CHARSET=latin1;

/*Data for the table `rekening` */

/*Table structure for table `transaksi` */

DROP TABLE IF EXISTS `transaksi`;

CREATE TABLE `transaksi` (
  `TRANSAKSIID` int(11) NOT NULL AUTO_INCREMENT,
  `WAKTUID` int(11) DEFAULT NULL,
  `USERID` int(11) DEFAULT NULL,
  `TRANSAKSITGL` datetime DEFAULT NULL,
  `TGLPENGIRIMAN` date DEFAULT NULL,
  `ISACTIVE` int(11) DEFAULT NULL,
  PRIMARY KEY (`TRANSAKSIID`),
  KEY `FK_REFERENCE_10` (`WAKTUID`),
  KEY `FK_REFERENCE_11` (`USERID`),
  CONSTRAINT `FK_REFERENCE_10` FOREIGN KEY (`WAKTUID`) REFERENCES `waktupengambilan` (`WAKTUID`) ON UPDATE NO ACTION,
  CONSTRAINT `FK_REFERENCE_11` FOREIGN KEY (`USERID`) REFERENCES `user` (`USERID`) ON UPDATE NO ACTION
) ENGINE=InnoDB AUTO_INCREMENT=2 DEFAULT CHARSET=latin1;

/*Data for the table `transaksi` */

insert  into `transaksi`(`TRANSAKSIID`,`WAKTUID`,`USERID`,`TRANSAKSITGL`,`TGLPENGIRIMAN`,`ISACTIVE`) values (1,1,2,'2018-02-25 22:15:18','2018-02-25',1);

/*Table structure for table `user` */

DROP TABLE IF EXISTS `user`;

CREATE TABLE `user` (
  `USERID` int(11) NOT NULL AUTO_INCREMENT,
  `LOKASIID` int(11) DEFAULT NULL,
  `USERKTP` decimal(16,0) DEFAULT NULL,
  `USERNAME` varchar(30) DEFAULT NULL,
  `NAMAUSER` varchar(15) DEFAULT NULL,
  `USERMAIL` varchar(30) DEFAULT NULL,
  `USERPASSWORD` varchar(20) DEFAULT NULL,
  `USERPHONE` varchar(13) DEFAULT NULL,
  `ISACTIVE` int(11) DEFAULT NULL,
  PRIMARY KEY (`USERID`),
  KEY `FK_REFERENCE_15` (`LOKASIID`),
  CONSTRAINT `FK_REFERENCE_15` FOREIGN KEY (`LOKASIID`) REFERENCES `lokasi` (`LOKASIID`) ON UPDATE NO ACTION
) ENGINE=InnoDB AUTO_INCREMENT=6 DEFAULT CHARSET=latin1;

/*Data for the table `user` */

insert  into `user`(`USERID`,`LOKASIID`,`USERKTP`,`USERNAME`,`NAMAUSER`,`USERMAIL`,`USERPASSWORD`,`USERPHONE`,`ISACTIVE`) values (1,1,'123456','user1','aa','user1@gmail.com','111','089961123',1),(2,2,'333','user2','bb','user2@gmail.com','222','089961123',1),(3,NULL,'888','budi',NULL,'budi@gmail.com','333','890',1),(4,NULL,'890432090123','ani',NULL,'ani@yahoo.com','444','890012',1),(5,NULL,'123','sigit',NULL,'sigit@gmail.com','000','089981234',1);

/*Table structure for table `vendor` */

DROP TABLE IF EXISTS `vendor`;

CREATE TABLE `vendor` (
  `VENDORID` int(11) NOT NULL AUTO_INCREMENT,
  `LOKASIID` int(11) DEFAULT NULL,
  `VENDORNAME` varchar(30) DEFAULT NULL,
  `VENDORPHONE` varchar(13) DEFAULT NULL,
  `VENDORMAIL` varchar(30) DEFAULT NULL,
  `ISACTIVE` int(11) DEFAULT NULL,
  PRIMARY KEY (`VENDORID`),
  KEY `FK_REFERENCE_14` (`LOKASIID`),
  CONSTRAINT `FK_REFERENCE_14` FOREIGN KEY (`LOKASIID`) REFERENCES `lokasi` (`LOKASIID`) ON UPDATE NO ACTION
) ENGINE=InnoDB AUTO_INCREMENT=5 DEFAULT CHARSET=latin1;

/*Data for the table `vendor` */

insert  into `vendor`(`VENDORID`,`LOKASIID`,`VENDORNAME`,`VENDORPHONE`,`VENDORMAIL`,`ISACTIVE`) values (1,2,'VENDOR 1','021123456789','VENDOR1@GMAIL.COM',1),(2,2,'VENDOR 2','021987654321','VENDOR2@GMAIL.COM',1),(3,1,'VENDOR 3','021963852741','VENDOR3@GMAIL.COM',1),(4,1,'VENDOR 4','021147258369','VENDOR4@GMAIL.COM',1);

/*Table structure for table `waktupengambilan` */

DROP TABLE IF EXISTS `waktupengambilan`;

CREATE TABLE `waktupengambilan` (
  `WAKTUID` int(11) NOT NULL AUTO_INCREMENT,
  `WAKTUPENGAMBILAN` time DEFAULT NULL,
  `ISACTIVE` int(11) DEFAULT NULL,
  PRIMARY KEY (`WAKTUID`)
) ENGINE=InnoDB AUTO_INCREMENT=4 DEFAULT CHARSET=latin1;

/*Data for the table `waktupengambilan` */

insert  into `waktupengambilan`(`WAKTUID`,`WAKTUPENGAMBILAN`,`ISACTIVE`) values (1,'08:00:00',1),(2,'12:00:00',1),(3,'16:00:00',1);

/*Table structure for table `wilayah` */

DROP TABLE IF EXISTS `wilayah`;

CREATE TABLE `wilayah` (
  `WILAYAHID` int(11) NOT NULL AUTO_INCREMENT,
  `WILAYAHPARENTID` int(11) DEFAULT NULL,
  `WILAYAHNAME` varchar(30) DEFAULT NULL,
  `WILAYAHLEVEL` int(11) DEFAULT NULL,
  `ISACTIVE` int(11) DEFAULT NULL,
  PRIMARY KEY (`WILAYAHID`),
  KEY `FK_REFERENCE_1` (`WILAYAHPARENTID`),
  CONSTRAINT `FK_REFERENCE_1` FOREIGN KEY (`WILAYAHPARENTID`) REFERENCES `wilayah` (`WILAYAHID`) ON UPDATE NO ACTION
) ENGINE=InnoDB AUTO_INCREMENT=40 DEFAULT CHARSET=latin1;

/*Data for the table `wilayah` */

insert  into `wilayah`(`WILAYAHID`,`WILAYAHPARENTID`,`WILAYAHNAME`,`WILAYAHLEVEL`,`ISACTIVE`) values (1,NULL,'DKI-JAKARTA',1,1),(2,NULL,'JAWA BARAT',1,1),(3,NULL,'JAWA TENGAH',1,1),(4,NULL,'JAWA TIMUUR',1,1),(5,NULL,'YOGYAKARTA',1,1),(6,NULL,'BANTEN',1,1),(7,NULL,'ACEH',1,1),(8,NULL,'BALI',1,1),(9,NULL,'BENGKULU',1,1),(10,NULL,'GORONTALO',1,1),(11,NULL,'JAMBI',1,1),(12,NULL,'KALIMANTAN BARAT',1,1),(13,NULL,'KALIMANTAN SELATAN',1,1),(14,NULL,'KALIMANTAN TENGAH',1,1),(15,NULL,'KALIMANTAN TIMUR',1,1),(16,NULL,'KALIMANTAN UTARA',1,1),(17,NULL,'KEP. BELITUNG',1,1),(18,NULL,'KEP. RIAU',1,1),(19,NULL,'LAMPUNG',1,1),(20,NULL,'MALUKU',1,1),(21,NULL,'MALUKU UTARA',1,1),(22,NULL,'NTB',1,1),(23,NULL,'NTT',1,1),(24,NULL,'PAPUA',1,1),(25,NULL,'PAPUA BARAT',1,1),(26,NULL,'RIAU',1,1),(27,NULL,'SULAWESI BARAT',1,1),(28,NULL,'SULAWESI SELATAN',1,1),(29,NULL,'SULAWESI TENGAH',1,1),(30,NULL,'SULAWESI TENGGARA',1,1),(31,NULL,'SULAWASI UTARA',1,1),(32,NULL,'SUMATERA BARAT',1,1),(33,NULL,'SUMATERA SELATAN',1,1),(34,NULL,'SUMATERA UTARA',1,1),(35,1,'JAKARTA TIMUR',2,1),(36,1,'JAKARTA BARAT',2,1),(37,1,'JAKARTA PUSAT',2,1),(38,1,'JAKARTA SELATAN',2,1),(39,1,'JAKARTA UTARA',2,1);

/*!40101 SET SQL_MODE=@OLD_SQL_MODE */;
/*!40014 SET FOREIGN_KEY_CHECKS=@OLD_FOREIGN_KEY_CHECKS */;
/*!40014 SET UNIQUE_CHECKS=@OLD_UNIQUE_CHECKS */;
/*!40111 SET SQL_NOTES=@OLD_SQL_NOTES */;
